# log_time,log_acc,dog_time,dog_acc,doh_time, doh_acc, sbd_acc, sbd_acc
6.723696599995794727e-03
2.388733266707277012e-03
2.526856359866603174e+00
5.256288003389878892e-04
